,sy_gmag,sy_gmag,sy_gmag,sy_gmag,sy_gmag,sy_gmag,sy_gmag,sy_gmag
,count,mean,std,min,25%,50%,75%,max
st_spectype,,,,,,,,
F,38.0,13.40213157894737,1.4915812676132458,10.7614,12.064725,13.243500000000001,14.971975,16.4513
G,102.0,13.375269607843137,1.0365262651636484,10.4929,12.65185,13.3064,14.1084,15.387
K,111.0,13.133122522522525,1.7767468429016138,10.0139,11.3126,12.8638,14.8948,16.0648
M,123.0,14.900404715447156,2.053917312368352,9.91288,13.021,15.2645,16.427950000000003,18.7296
