,sy_rmag,sy_rmag,sy_rmag,sy_rmag,sy_rmag,sy_rmag,sy_rmag,sy_rmag
,count,mean,std,min,25%,50%,75%,max
st_spectype,,,,,,,,
F,38.0,12.618894736842103,1.1898093983054072,10.3119,11.6961,12.58465,13.383525,15.7952
G,102.0,12.593983725490197,1.0916515281066876,9.62924,11.9247,12.1874,13.0922,15.3971
K,111.0,11.878330729729724,1.7161696862227862,8.75954,10.5964,11.9848,13.2437,15.6566
M,123.0,13.41403333333333,1.9958852223765506,8.46313,11.6746,13.3987,15.2717,16.86
