,sy_rmag,sy_rmag,sy_rmag,sy_rmag,sy_rmag,sy_rmag,sy_rmag,sy_rmag
,count,mean,std,min,25%,50%,75%,max
st_spectype,,,,,,,,
F,38.0,12.618894736842103,1.1898093983054072,10.3119,11.6961,12.58465,13.383525,15.7952
G,102.0,12.5939837254902,1.0916515281066876,9.62924,11.9247,12.1874,13.0922,15.3971
K,112.0,11.883027776785713,1.7091447231936758,8.75954,10.5964,12.024899999999999,13.1786,15.6566
M,121.0,13.427749586776859,2.0095481312538053,8.46313,11.6746,13.4888,15.2717,16.86
