,sy_umag,sy_umag,sy_umag,sy_umag,sy_umag,sy_umag,sy_umag,sy_umag
,count,mean,std,min,25%,50%,75%,max
st_spectype,,,,,,,,
F,38.0,15.006642105263154,0.766401328650734,13.7542,14.7063,14.8961,15.2332,17.9494
G,102.0,15.184445098039218,0.5159733968557502,13.9531,15.005849999999999,15.166,15.4862,16.9794
K,112.0,15.60805535714286,0.8534817900324461,13.0932,15.0413,15.56765,15.8447,17.9905
M,121.0,17.467182644628096,1.812482452589895,14.5112,15.7198,17.2832,19.1895,21.2975
